Contract,Open,Bid,Ask,Last,Traded,High,Low,Volume,Prev.,Day,Settlement,Price,Net,Change,Prev.,Day,Open,Interest
C,Aug-14,-,7600,-,-,-,-,-,-,0,3,432,N/A,0

C,Aug-14,-,7700,-,-,-,-,-,-,0,3,332,N/A,0

C,Aug-14,-,7800,-,-,-,-,-,-,0,3,232,N/A,0

C,Aug-14,-,7900,-,-,-,-,-,-,0,3,132,N/A,0

C,Aug-14,-,8000,-,-,-,-,-,-,0,3,032,N/A,0

C,Aug-14,-,8200,-,-,-,-,-,-,0,2,832,N/A,0

C,Aug-14,-,8400,-,-,-,-,-,-,0,2,632,N/A,0

C,Aug-14,-,8600,-,-,-,-,-,-,0,2,432,N/A,0

C,Aug-14,-,8800,-,-,-,-,-,-,0,2,232,N/A,0

C,Aug-14,-,9000,-,-,-,-,-,-,0,2,032,N/A,0

C,Aug-14,-,9200,-,-,-,-,-,-,0,1,836,N/A,0

C,Aug-14,-,9400,-,-,-,-,-,-,0,1,632,N/A,5

C,Aug-14,-,9600,-,-,-,-,-,-,0,1,432,N/A,5

C,Aug-14,-,9800,-,-,-,-,-,-,0,1,232,N/A,50

C,Aug-14,-,10000,-,-,-,-,-,-,0,1,033,N/A,158

C,Aug-14,-,10200,-,-,-,-,-,-,0,834,N/A,2,034

C,Aug-14,-,10400,548,514,528,548,548,548,1,637,-89,1,596

C,Aug-14,-,10600,-,323,336,-,-,-,0,444,N/A,2,007

C,Aug-14,-,10800,223,161,169,174,223,149,165,265,-91,4,281

C,Aug-14,-,11000,114,60,62,60,116,49,1,866,122,-62,7,635

C,Aug-14,-,11200,40,17,19,19,43,16,1,576,50,-31,6,381

C,Aug-14,-,11400,17,7,8,8,17,7,1,373,19,-11,4,785

C,Aug-14,-,11600,7,3,4,3,7,3,923,8,-5,5,457

C,Aug-14,-,11800,3,1,2,2,3,2,244,3,-1,2,218

C,Aug-14,-,12000,1,-,1,1,1,1,21,2,-1,2,172

C,Aug-14,-,12200,-,-,1,-,-,-,0,1,N/A,360

C,Aug-14,-,12400,-,-,1,-,-,-,0,1,N/A,494

C,Aug-14,-,12600,-,-,1,-,-,-,0,1,N/A,5

C,Aug-14,-,12800,-,-,1,-,-,-,0,1,N/A,0

C,Aug-14,-,13000,-,-,1,-,-,-,0,1,N/A,0

C,Aug-14,-,13200,-,-,1,-,-,-,0,1,N/A,0

C,Aug-14,-,13400,-,-,1,-,-,-,0,1,N/A,0

C,Aug-14,-,13600,-,-,1,-,-,-,0,1,N/A,0

C,Aug-14,-,13800,-,-,1,-,-,-,0,1,N/A,0

C,Aug-14,-,14000,-,-,1,-,-,-,0,1,N/A,0

C,Sep-14,-,6000,-,-,-,-,-,-,0,5,001,N/A,2

C,Sep-14,-,6200,-,-,-,-,-,-,0,4,801,N/A,6

C,Sep-14,-,6400,-,-,-,-,-,-,0,4,601,N/A,0

C,Sep-14,-,6600,-,-,-,-,-,-,0,4,401,N/A,0

C,Sep-14,-,6800,-,-,-,-,-,-,0,4,201,N/A,0

C,Sep-14,-,7000,-,-,-,-,-,-,0,4,001,N/A,0

C,Sep-14,-,7200,-,-,-,-,-,-,0,3,801,N/A,5

C,Sep-14,-,7400,-,-,-,-,-,-,0,3,601,N/A,0

C,Sep-14,-,7500,-,-,-,-,-,-,0,3,501,N/A,0

C,Sep-14,-,7600,-,-,-,-,-,-,0,3,401,N/A,0

C,Sep-14,-,7700,-,-,-,-,-,-,0,3,301,N/A,0

C,Sep-14,-,7800,-,-,-,-,-,-,0,3,201,N/A,0

C,Sep-14,-,7900,-,-,-,-,-,-,0,3,101,N/A,0

C,Sep-14,-,8000,-,-,-,-,-,-,0,3,001,N/A,0

C,Sep-14,-,8200,-,-,-,-,-,-,0,2,801,N/A,0

C,Sep-14,-,8400,-,-,-,-,-,-,0,2,601,N/A,0

C,Sep-14,-,8600,-,-,-,-,-,-,0,2,401,N/A,0

C,Sep-14,-,8800,-,-,-,-,-,-,0,2,201,N/A,5

C,Sep-14,-,9000,-,-,-,-,-,-,0,2,001,N/A,505

C,Sep-14,-,9200,-,-,-,-,-,-,0,1,802,N/A,1,210

C,Sep-14,-,9400,-,-,-,-,-,-,0,1,603,N/A,211

C,Sep-14,-,9600,-,-,-,-,-,-,0,1,406,N/A,2,629

C,Sep-14,-,9800,-,-,-,-,-,-,0,1,211,N/A,2,452

C,Sep-14,-,10000,-,-,-,-,-,-,0,1,023,N/A,4,039

C,Sep-14,-,10200,-,-,-,-,-,-,0,837,N/A,2,290

C,Sep-14,-,10400,595,525,-,555,595,555,2,654,-99,9,698

C,Sep-14,-,10600,-,401,413,-,-,-,0,500,N/A,4,741

C,Sep-14,-,10800,311,279,287,288,313,272,66,359,-71,3,979

C,Sep-14,-,11000,232,184,190,187,232,173,328,248,-61,6,395

C,Sep-14,-,11200,159,118,123,120,161,112,444,163,-43,6,640

C,Sep-14,-,11400,102,73,77,74,102,70,264,105,-31,4,422

C,Sep-14,-,11600,64,45,48,46,64,44,595,67,-21,7,130

C,Sep-14,-,11800,38,27,32,29,38,28,133,41,-12,2,180

C,Sep-14,-,12000,26,16,20,17,26,17,147,26,-9,5,743

C,Sep-14,-,12200,14,-,-,11,14,10,92,15,-4,2,917

C,Sep-14,-,12400,9,-,11,8,9,8,70,9,-1,1,059

C,Sep-14,-,12600,4,1,8,4,4,4,24,5,-1,1,969

C,Sep-14,-,12800,2,1,6,3,3,2,4,3,0,956

C,Sep-14,-,13000,-,1,5,-,-,-,0,2,N/A,15

C,Sep-14,-,13200,-,-,4,-,-,-,0,1,N/A,0

C,Sep-14,-,13400,-,-,3,-,-,-,0,1,N/A,0

C,Sep-14,-,13600,-,-,3,-,-,-,0,1,N/A,0

C,Sep-14,-,13800,-,-,3,-,-,-,0,1,N/A,0

C,Sep-14,-,14000,-,-,2,-,-,-,0,1,N/A,0

C,Oct-14,-,7600,-,-,-,-,-,-,0,3,401,N/A,0

C,Oct-14,-,7700,-,-,-,-,-,-,0,3,301,N/A,0

C,Oct-14,-,7800,-,-,-,-,-,-,0,3,201,N/A,0

C,Oct-14,-,7900,-,-,-,-,-,-,0,3,101,N/A,0

C,Oct-14,-,8000,-,-,-,-,-,-,0,3,001,N/A,0

C,Oct-14,-,8200,-,-,-,-,-,-,0,2,801,N/A,0

C,Oct-14,-,8400,-,-,-,-,-,-,0,2,602,N/A,0

C,Oct-14,-,8600,-,-,-,-,-,-,0,2,402,N/A,0

C,Oct-14,-,8800,-,-,-,-,-,-,0,2,204,N/A,0

C,Oct-14,-,9000,-,-,-,-,-,-,0,2,006,N/A,0

C,Oct-14,-,9200,-,-,-,-,-,-,0,1,809,N/A,0

C,Oct-14,-,9400,-,-,-,-,-,-,0,1,615,N/A,0

C,Oct-14,-,9600,-,-,-,-,-,-,0,1,425,N/A,0

C,Oct-14,-,9800,-,-,-,-,-,-,0,1,239,N/A,0

C,Oct-14,-,10000,-,-,-,-,-,-,0,1,066,N/A,0

C,Oct-14,-,10200,-,-,-,-,-,-,0,893,N/A,0

C,Oct-14,-,10400,-,-,-,-,-,-,0,732,N/A,0

C,Oct-14,-,10600,-,-,-,-,-,-,0,585,N/A,0

C,Oct-14,-,10800,-,373,392,-,-,-,0,456,N/A,0

C,Oct-14,-,11000,277,278,293,277,277,277,5,348,-71,98

C,Oct-14,-,11200,226,203,217,210,226,202,24,260,-50,609

C,Oct-14,-,11400,172,147,157,167,172,166,15,190,-23,2,259

C,Oct-14,-,11600,110,101,115,110,110,110,1,139,-29,3,734

C,Oct-14,-,11800,85,68,-,80,85,80,6,101,-21,71

C,Oct-14,-,12000,63,51,79,57,63,52,177,70,-13,3,936

C,Oct-14,-,12200,45,32,-,39,45,39,12,48,-9,172

C,Oct-14,-,12400,-,24,-,-,-,-,0,33,N/A,210

C,Oct-14,-,12600,-,15,27,-,-,-,0,22,N/A,0

C,Oct-14,-,12800,-,11,21,-,-,-,0,14,N/A,1

C,Oct-14,-,13000,-,7,17,-,-,-,0,9,N/A,0

C,Oct-14,-,13200,-,3,13,-,-,-,0,6,N/A,11

C,Oct-14,-,13400,-,1,11,-,-,-,0,4,N/A,0

C,Oct-14,-,13600,-,-,9,-,-,-,0,3,N/A,0

C,Oct-14,-,13800,-,-,8,-,-,-,0,1,N/A,0

C,Oct-14,-,14000,-,-,7,-,-,-,0,1,N/A,0

C,Oct-14,-,14200,-,-,6,-,-,-,0,1,N/A,0

C,Oct-14,-,14400,-,-,6,-,-,-,0,1,N/A,0

C,Dec-14,-,6000,-,-,-,-,-,-,0,5,018,N/A,39

C,Dec-14,-,6200,-,-,-,-,-,-,0,4,818,N/A,13

C,Dec-14,-,6400,-,-,-,-,-,-,0,4,618,N/A,12

C,Dec-14,-,6600,-,-,-,-,-,-,0,4,418,N/A,15

C,Dec-14,-,6800,-,-,-,-,-,-,0,4,218,N/A,23

C,Dec-14,-,7000,-,-,-,-,-,-,0,4,018,N/A,1

C,Dec-14,-,7200,-,-,-,-,-,-,0,3,818,N/A,0

C,Dec-14,-,7400,-,-,-,-,-,-,0,3,618,N/A,2,200

C,Dec-14,-,7500,-,-,-,-,-,-,0,3,518,N/A,0

C,Dec-14,-,7600,-,-,-,-,-,-,0,3,419,N/A,2,000

C,Dec-14,-,7700,-,-,-,-,-,-,0,3,319,N/A,0

C,Dec-14,-,7800,-,-,-,-,-,-,0,3,219,N/A,152

C,Dec-14,-,7900,-,-,-,-,-,-,0,3,119,N/A,0

C,Dec-14,-,8000,-,-,-,-,-,-,0,3,020,N/A,800

C,Dec-14,-,8200,-,-,-,-,-,-,0,2,821,N/A,0

C,Dec-14,-,8400,-,-,-,-,-,-,0,2,624,N/A,401

C,Dec-14,-,8600,-,-,-,-,-,-,0,2,427,N/A,425

C,Dec-14,-,8800,-,-,-,-,-,-,0,2,233,N/A,1,715

C,Dec-14,-,9000,-,-,-,-,-,-,0,2,041,N/A,567

C,Dec-14,-,9200,-,-,-,-,-,-,0,1,853,N/A,6,595

C,Dec-14,-,9400,-,-,-,-,-,-,0,1,669,N/A,3,264

C,Dec-14,-,9600,-,-,-,-,-,-,0,1,490,N/A,11,415

C,Dec-14,-,9800,-,-,-,-,-,-,0,1,319,N/A,2,693

C,Dec-14,-,10000,-,-,-,-,-,-,0,1,158,N/A,12,149

C,Dec-14,-,10200,-,-,-,-,-,-,0,1,003,N/A,7,376

C,Dec-14,-,10400,-,-,-,-,-,-,0,856,N/A,17,385

C,Dec-14,-,10600,-,-,-,-,-,-,400,722,N/A,10,463

C,Dec-14,-,10800,-,-,-,-,-,-,0,604,N/A,11,792

C,Dec-14,-,11000,-,-,-,-,-,-,0,501,N/A,9,945

C,Dec-14,-,11200,-,330,-,-,-,-,0,409,N/A,9,660

C,Dec-14,-,11400,-,-,-,-,-,-,0,332,N/A,14,913

C,Dec-14,-,11600,225,-,-,225,225,225,1,263,-38,19,696

C,Dec-14,-,11800,-,-,-,-,-,-,0,215,N/A,5,570

C,Dec-14,-,12000,-,-,375,-,-,-,102,167,N/A,20,276

C,Dec-14,-,12200,-,109,-,-,-,-,0,134,N/A,1,105

C,Dec-14,-,12400,-,86,-,-,-,-,0,105,N/A,1,201

C,Dec-14,-,12600,-,67,107,-,-,-,0,83,N/A,14,168

C,Dec-14,-,12800,-,53,-,-,-,-,0,62,N/A,1,932

C,Dec-14,-,13200,40,33,48,40,40,40,2,37,+3,15,223

C,Dec-14,-,13400,-,24,39,-,-,-,0,28,N/A,0

C,Dec-14,-,13600,-,18,33,-,-,-,0,20,N/A,0

C,Dec-14,-,13800,21,-,-,21,21,21,3,15,+6,6,048

C,Dec-14,-,14000,-,-,-,-,-,-,0,11,N/A,100

C,Dec-14,-,14400,-,-,-,-,-,-,0,6,N/A,3,243

C,Dec-14,-,15000,-,3,10,-,-,-,0,3,N/A,1,132

C,Mar-15,-,7000,3,978,-,-,3,978,3,978,3,978,6,4,041,-63,36

C,Mar-15,-,7100,-,-,-,-,-,-,0,3,941,N/A,7

C,Mar-15,-,7200,-,-,-,-,-,-,0,3,842,N/A,0

C,Mar-15,-,7300,-,-,-,-,-,-,0,3,743,N/A,0

C,Mar-15,-,7400,-,-,-,-,-,-,0,3,644,N/A,0

C,Mar-15,-,7500,-,-,-,-,-,-,0,3,545,N/A,0

C,Mar-15,-,7600,-,-,-,-,-,-,0,3,446,N/A,0

C,Mar-15,-,7700,-,-,-,-,-,-,0,3,348,N/A,0

C,Mar-15,-,7800,-,-,-,-,-,-,0,3,250,N/A,0

C,Mar-15,-,7900,-,-,-,-,-,-,0,3,152,N/A,0

C,Mar-15,-,8000,-,-,-,-,-,-,0,3,055,N/A,0

C,Mar-15,-,8200,-,-,-,-,-,-,0,2,862,N/A,0

C,Mar-15,-,8400,-,-,-,-,-,-,0,2,671,N/A,0

C,Mar-15,-,8600,-,-,-,-,-,-,0,2,483,N/A,0

C,Mar-15,-,8800,-,-,-,-,-,-,0,2,299,N/A,0

C,Mar-15,-,9000,-,-,-,-,-,-,0,2,119,N/A,0

C,Mar-15,-,9200,-,-,-,-,-,-,0,1,943,N/A,400

C,Mar-15,-,9400,-,-,-,-,-,-,0,1,773,N/A,200

C,Mar-15,-,9600,-,-,-,-,-,-,0,1,610,N/A,2,605

C,Mar-15,-,9800,-,-,-,-,-,-,0,1,453,N/A,700

C,Mar-15,-,10000,-,-,-,-,-,-,0,1,304,N/A,1,150

C,Mar-15,-,10200,-,-,-,-,-,-,0,1,160,N/A,1,128

C,Mar-15,-,10400,-,-,-,-,-,-,0,1,027,N/A,2,877

C,Mar-15,-,10600,-,-,-,-,-,-,0,903,N/A,209

C,Mar-15,-,10800,-,-,-,-,-,-,0,790,N/A,3,015

C,Mar-15,-,11000,-,-,-,-,-,-,200,688,N/A,3,589

C,Mar-15,-,11200,-,-,-,-,-,-,29,598,N/A,3,255

C,Mar-15,-,11400,-,-,-,-,-,-,0,515,N/A,6,806

C,Mar-15,-,11600,-,-,-,-,-,-,0,445,N/A,2,921

C,Mar-15,-,11800,-,-,-,-,-,-,0,384,N/A,43

C,Mar-15,-,12000,-,-,-,-,-,-,29,330,N/A,5,276

C,Mar-15,-,12200,-,-,-,-,-,-,0,279,N/A,1,000

C,Mar-15,-,12400,-,-,-,-,-,-,0,236,N/A,760

C,Mar-15,-,12600,-,-,-,-,-,-,0,200,N/A,0

C,Mar-15,-,13400,-,-,-,-,-,-,0,98,N/A,0

C,Jun-15,-,7000,-,-,-,-,-,-,0,3,758,N/A,26

C,Jun-15,-,7200,-,-,-,-,-,-,0,3,563,N/A,4

C,Jun-15,-,7400,-,-,-,-,-,-,0,3,369,N/A,3

C,Jun-15,-,7600,-,-,-,-,-,-,0,3,178,N/A,1,002

C,Jun-15,-,7700,-,-,-,-,-,-,0,3,083,N/A,0

C,Jun-15,-,7800,-,-,-,-,-,-,0,2,989,N/A,5

C,Jun-15,-,7900,-,-,-,-,-,-,0,2,896,N/A,0

C,Jun-15,-,8000,-,-,-,-,-,-,0,2,803,N/A,3,505

C,Jun-15,-,8200,-,-,-,-,-,-,0,2,621,N/A,0

C,Jun-15,-,8400,-,-,-,-,-,-,0,2,442,N/A,0

C,Jun-15,-,8600,-,-,-,-,-,-,0,2,268,N/A,0

C,Jun-15,-,8800,-,-,-,-,-,-,0,2,099,N/A,1,400

C,Jun-15,-,9000,-,-,-,-,-,-,0,1,936,N/A,0

C,Jun-15,-,9200,-,-,-,-,-,-,0,1,778,N/A,2,500

C,Jun-15,-,9400,-,-,-,-,-,-,0,1,627,N/A,0

C,Jun-15,-,9600,-,-,-,-,-,-,0,1,483,N/A,4,125

C,Jun-15,-,9800,-,-,-,-,-,-,0,1,346,N/A,0

C,Jun-15,-,10000,-,-,-,-,-,-,0,1,236,N/A,1,930

C,Jun-15,-,10200,-,-,-,-,-,-,0,1,107,N/A,0

C,Jun-15,-,10400,-,-,-,-,-,-,0,996,N/A,1,205

C,Jun-15,-,10600,-,-,-,-,-,-,0,886,N/A,250

C,Jun-15,-,10800,-,-,-,-,-,-,0,791,N/A,1,746

C,Jun-15,-,11000,-,-,-,-,-,-,0,700,N/A,4,055

C,Jun-15,-,11200,-,-,-,-,-,-,0,624,N/A,4,240

C,Jun-15,-,11400,-,-,-,-,-,-,0,548,N/A,125

C,Jun-15,-,11600,-,-,-,-,-,-,0,482,N/A,4,951

C,Jun-15,-,11800,-,-,-,-,-,-,0,421,N/A,0

C,Jun-15,-,12000,-,-,-,-,-,-,0,366,N/A,7,757

C,Jun-15,-,12200,-,-,-,-,-,-,0,307,N/A,76

C,Jun-15,-,12400,-,-,-,-,-,-,0,265,N/A,50

C,Jun-15,-,12600,-,-,-,-,-,-,0,228,N/A,4,203

C,Jun-15,-,12800,-,-,-,-,-,-,0,195,N/A,10

C,Jun-15,-,13000,-,-,-,-,-,-,0,166,N/A,0

C,Jun-15,-,13200,-,-,-,-,-,-,0,141,N/A,2

C,Jun-15,-,13400,-,-,-,-,-,-,0,120,N/A,0

C,Jun-15,-,13600,-,-,-,-,-,-,0,101,N/A,0

C,Jun-15,-,13800,-,-,-,-,-,-,0,85,N/A,3,925

C,Jun-15,-,14000,-,-,-,-,-,-,0,71,N/A,1

C,Jun-15,-,14400,-,-,-,-,-,-,0,49,N/A,130

C,Jun-15,-,15000,-,-,-,-,-,-,0,28,N/A,79

C,Dec-15,-,6200,-,-,-,-,-,-,0,4,541,N/A,28

C,Dec-15,-,7000,-,-,-,-,-,-,0,3,777,N/A,4

C,Dec-15,-,7200,-,-,-,-,-,-,0,3,591,N/A,2

C,Dec-15,-,7400,-,-,-,-,-,-,0,3,409,N/A,0

C,Dec-15,-,7600,-,-,-,-,-,-,0,3,229,N/A,0

C,Dec-15,-,7800,-,-,-,-,-,-,0,3,053,N/A,0

C,Dec-15,-,8000,-,-,-,-,-,-,0,2,881,N/A,1,900

C,Dec-15,-,8400,-,-,-,-,-,-,0,2,549,N/A,2,857

C,Dec-15,-,8800,-,-,-,-,-,-,0,2,237,N/A,2,475

C,Dec-15,-,9200,-,-,-,-,-,-,0,1,945,N/A,4,821

C,Dec-15,-,9600,-,-,-,-,-,-,0,1,667,N/A,3,175

C,Dec-15,-,10000,-,-,-,-,-,-,0,1,417,N/A,8,740

C,Dec-15,-,10400,-,-,-,-,-,-,0,1,195,N/A,4,315

C,Dec-15,-,10800,-,-,-,-,-,-,0,1,003,N/A,7,875

C,Dec-15,-,11200,-,-,-,-,-,-,0,840,N/A,3,382

C,Dec-15,-,11600,-,-,-,-,-,-,0,703,N/A,3,350

C,Dec-15,-,12000,-,501,-,-,-,-,0,589,N/A,10,231

C,Dec-15,-,12600,-,-,-,-,-,-,0,451,N/A,5,850

C,Dec-15,-,13200,-,-,-,-,-,-,0,348,N/A,5,642

C,Dec-15,-,13800,-,-,-,-,-,-,0,260,N/A,450

C,Dec-15,-,14400,-,-,-,-,-,-,0,189,N/A,1,786

C,Dec-15,-,15000,-,-,-,-,-,-,0,140,N/A,10

C,Jun-16,-,6000,-,-,-,-,-,-,0,4,588,N/A,0

C,Jun-16,-,6200,-,-,-,-,-,-,0,4,398,N/A,0

C,Jun-16,-,6400,-,-,-,-,-,-,0,4,211,N/A,0

C,Jun-16,-,6600,-,-,-,-,-,-,0,4,026,N/A,0

C,Jun-16,-,6800,-,-,-,-,-,-,0,3,844,N/A,0

C,Jun-16,-,7000,-,-,-,-,-,-,0,3,666,N/A,0

C,Jun-16,-,7200,-,-,-,-,-,-,0,3,490,N/A,0

C,Jun-16,-,7400,-,-,-,-,-,-,0,3,318,N/A,0

C,Jun-16,-,7600,-,-,-,-,-,-,0,3,150,N/A,0

C,Jun-16,-,7800,-,-,-,-,-,-,0,2,986,N/A,1

C,Jun-16,-,8000,-,-,-,-,-,-,0,2,826,N/A,0

C,Jun-16,-,8400,-,-,-,-,-,-,0,2,520,N/A,1,900

C,Jun-16,-,8800,-,-,-,-,-,-,0,2,233,N/A,0

C,Jun-16,-,9200,-,-,-,-,-,-,0,1,942,N/A,1,950

C,Jun-16,-,9600,-,-,-,-,-,-,0,1,720,N/A,2,200

C,Jun-16,-,10000,-,-,-,-,-,-,0,1,464,N/A,2,337

C,Jun-16,-,10400,-,-,-,-,-,-,0,1,264,N/A,2,100

C,Jun-16,-,10800,-,-,-,-,-,-,500,1,090,N/A,100

C,Jun-16,-,11200,-,-,-,-,-,-,0,947,N/A,4,050

C,Jun-16,-,11600,-,-,-,-,-,-,0,821,N/A,1,800

C,Jun-16,-,12000,-,-,-,-,-,-,0,711,N/A,1,800

C,Jun-16,-,12600,-,-,-,-,-,-,0,572,N/A,3,100

C,Jun-16,-,13200,-,-,-,-,-,-,0,461,N/A,3,150

C,Jun-16,-,13800,-,-,-,-,-,-,0,377,N/A,0

C,Dec-16,-,7400,-,-,-,-,-,-,0,3,396,N/A,0

C,Dec-16,-,7800,-,-,-,-,-,-,0,3,080,N/A,0

C,Dec-16,-,8000,-,-,-,-,-,-,0,2,928,N/A,0

C,Dec-16,-,8400,-,-,-,-,-,-,0,2,637,N/A,0

C,Dec-16,-,8800,-,-,-,-,-,-,0,2,364,N/A,0

C,Dec-16,-,9200,-,-,-,-,-,-,0,2,109,N/A,0

C,Dec-16,-,9600,-,-,-,-,-,-,0,1,873,N/A,0

C,Dec-16,-,10000,-,-,-,-,-,-,0,1,618,N/A,125

C,Dec-16,-,10400,-,-,-,-,-,-,0,1,424,N/A,100

C,Dec-16,-,10800,-,-,-,-,-,-,0,1,254,N/A,550

C,Dec-16,-,11200,-,-,-,-,-,-,0,1,107,N/A,925

C,Dec-16,-,11600,-,-,-,-,-,-,0,979,N/A,200

C,Dec-16,-,12000,-,-,-,-,-,-,0,864,N/A,0

C,Dec-16,-,12600,-,-,-,-,-,-,0,721,N/A,0

C,Dec-16,-,13200,-,-,-,-,-,-,0,606,N/A,0

C,Dec-16,-,13800,-,-,-,-,-,-,0,513,N/A,0
P,Aug-14,-,7600,-,-,1,-,-,-,0,1,N/A,0

P,Aug-14,-,7700,-,-,1,-,-,-,0,1,N/A,0

P,Aug-14,-,7800,-,-,1,-,-,-,0,1,N/A,0

P,Aug-14,-,7900,-,-,1,-,-,-,0,1,N/A,0

P,Aug-14,-,8000,-,-,1,-,-,-,0,1,N/A,386

P,Aug-14,-,8200,-,-,1,-,-,-,0,1,N/A,32

P,Aug-14,-,8400,-,-,1,-,-,-,0,1,N/A,20

P,Aug-14,-,8600,-,-,1,-,-,-,0,1,N/A,123

P,Aug-14,-,8800,-,-,1,-,-,-,0,1,N/A,423

P,Aug-14,-,9000,-,-,1,-,-,-,0,1,N/A,3,018

P,Aug-14,-,9200,-,-,1,-,-,-,0,1,N/A,2,306

P,Aug-14,-,9400,-,1,2,-,-,-,0,1,N/A,1,761

P,Aug-14,-,9600,1,1,2,2,2,1,105,1,+1,1,761

P,Aug-14,-,9800,2,1,2,2,3,2,792,1,+1,5,654

P,Aug-14,-,10000,2,1,3,3,3,2,111,1,+2,4,238

P,Aug-14,-,10200,3,3,5,4,5,3,802,2,+2,5,683

P,Aug-14,-,10400,5,6,8,6,9,5,816,5,+1,7,013

P,Aug-14,-,10600,11,15,18,16,22,11,593,13,+3,5,960

P,Aug-14,-,10800,30,52,54,54,71,30,2,301,35,+19,6,316

P,Aug-14,-,11000,89,141,151,147,175,89,1,508,92,+55,6,229

P,Aug-14,-,11200,227,300,312,302,330,223,30,215,+87,1,308

P,Aug-14,-,11400,480,488,501,482,494,472,10,385,+97,90

P,Aug-14,-,11600,-,-,-,-,-,-,0,575,N/A,31

P,Aug-14,-,11800,863,-,-,863,863,863,1,776,+87,2

P,Aug-14,-,12000,-,-,-,-,-,-,0,972,N/A,0

P,Aug-14,-,12200,-,-,-,-,-,-,0,1,168,N/A,0

P,Aug-14,-,12400,-,-,-,-,-,-,0,1,368,N/A,0

P,Aug-14,-,12600,-,-,-,-,-,-,0,1,568,N/A,0

P,Aug-14,-,12800,-,-,-,-,-,-,0,1,768,N/A,0

P,Aug-14,-,13000,-,-,-,-,-,-,0,1,968,N/A,0

P,Aug-14,-,13200,-,-,-,-,-,-,0,2,168,N/A,0

P,Aug-14,-,13400,-,-,-,-,-,-,0,2,368,N/A,0

P,Aug-14,-,13600,-,-,-,-,-,-,0,2,568,N/A,0

P,Aug-14,-,13800,-,-,-,-,-,-,0,2,768,N/A,0

P,Aug-14,-,14000,-,-,-,-,-,-,0,2,968,N/A,0

P,Sep-14,-,6000,-,-,2,-,-,-,0,1,N/A,1,349

P,Sep-14,-,6200,-,-,2,-,-,-,0,1,N/A,265

P,Sep-14,-,6400,-,-,2,-,-,-,0,1,N/A,4

P,Sep-14,-,6600,-,-,2,-,-,-,0,1,N/A,11

P,Sep-14,-,6800,-,-,2,-,-,-,0,1,N/A,33

P,Sep-14,-,7000,-,-,2,-,-,-,0,1,N/A,285

P,Sep-14,-,7200,-,-,2,-,-,-,0,1,N/A,80

P,Sep-14,-,7400,-,-,2,-,-,-,0,1,N/A,21

P,Sep-14,-,7500,-,-,2,-,-,-,0,1,N/A,24

P,Sep-14,-,7600,-,-,2,-,-,-,0,1,N/A,643

P,Sep-14,-,7700,-,-,2,-,-,-,0,1,N/A,9

P,Sep-14,-,7800,-,-,2,-,-,-,0,1,N/A,57

P,Sep-14,-,7900,-,1,2,-,-,-,0,1,N/A,48

P,Sep-14,-,8000,-,1,2,-,-,-,0,1,N/A,3,052

P,Sep-14,-,8200,2,2,3,2,2,2,790,1,+1,4,313

P,Sep-14,-,8400,-,2,3,-,-,-,0,1,N/A,1,458

P,Sep-14,-,8600,-,1,4,-,-,-,0,1,N/A,4,473

P,Sep-14,-,8800,3,1,4,3,3,3,18,1,+2,8,330

P,Sep-14,-,9000,4,4,5,5,5,4,149,1,+4,6,721

P,Sep-14,-,9200,6,5,8,7,7,6,44,2,+5,4,324

P,Sep-14,-,9400,7,8,16,8,9,7,61,3,+5,8,313

P,Sep-14,-,9600,11,11,-,11,11,11,50,5,+6,8,576

P,Sep-14,-,9800,14,16,20,17,20,14,136,10,+7,4,479

P,Sep-14,-,10000,24,24,31,27,31,23,179,20,+7,7,411

P,Sep-14,-,10200,36,44,47,46,51,35,139,36,+10,4,042

P,Sep-14,-,10400,58,74,78,76,88,58,367,60,+16,9,146

P,Sep-14,-,10600,101,125,129,126,141,98,499,100,+26,2,322

P,Sep-14,-,10800,164,200,207,201,224,164,347,160,+41,4,233

P,Sep-14,-,11000,280,303,313,307,334,269,998,247,+60,3,304

P,Sep-14,-,11200,451,434,447,414,451,414,32,365,+49,2,427

P,Sep-14,-,11400,-,-,-,-,-,-,0,505,N/A,270

P,Sep-14,-,11600,-,-,-,-,-,-,0,666,N/A,703

P,Sep-14,-,11800,-,-,-,-,-,-,0,846,N/A,0

P,Sep-14,-,12000,-,-,-,-,-,-,0,1,031,N/A,2

P,Sep-14,-,12200,-,-,-,-,-,-,0,1,214,N/A,0

P,Sep-14,-,12400,-,-,-,-,-,-,0,1,407,N/A,2

P,Sep-14,-,12600,-,-,-,-,-,-,0,1,604,N/A,0

P,Sep-14,-,12800,-,-,-,-,-,-,0,1,802,N/A,7

P,Sep-14,-,13000,-,-,-,-,-,-,0,2,001,N/A,0

P,Sep-14,-,13200,-,-,-,-,-,-,0,2,200,N/A,0

P,Sep-14,-,13400,-,-,-,-,-,-,0,2,399,N/A,0

P,Sep-14,-,13600,-,-,-,-,-,-,0,2,599,N/A,0

P,Sep-14,-,13800,-,-,-,-,-,-,0,2,799,N/A,0

P,Sep-14,-,14000,-,-,-,-,-,-,0,2,999,N/A,0

P,Oct-14,-,7600,-,-,4,-,-,-,0,1,N/A,0

P,Oct-14,-,7700,-,-,5,-,-,-,0,1,N/A,0

P,Oct-14,-,7800,-,-,5,-,-,-,0,1,N/A,0

P,Oct-14,-,7900,-,-,6,-,-,-,0,1,N/A,0

P,Oct-14,-,8000,-,2,6,-,-,-,0,1,N/A,0

P,Oct-14,-,8200,-,3,7,-,-,-,0,1,N/A,0

P,Oct-14,-,8400,-,1,9,-,-,-,0,1,N/A,0

P,Oct-14,-,8600,-,3,10,-,-,-,0,2,N/A,0

P,Oct-14,-,8800,-,7,13,-,-,-,0,3,N/A,0

P,Oct-14,-,9000,-,7,17,-,-,-,0,5,N/A,5

P,Oct-14,-,9200,15,15,17,17,17,15,505,9,+8,66

P,Oct-14,-,9400,-,-,29,-,-,-,0,15,N/A,117

P,Oct-14,-,9600,-,-,-,-,-,-,0,25,N/A,3

P,Oct-14,-,9800,40,39,55,49,51,40,14,39,+10,185

P,Oct-14,-,10000,75,48,-,72,75,72,2,58,+14,2,207

P,Oct-14,-,10200,96,96,108,104,107,96,296,87,+17,564

P,Oct-14,-,10400,133,142,153,151,157,133,12,127,+24,882

P,Oct-14,-,10600,205,209,218,213,223,205,16,181,+32,629

P,Oct-14,-,10800,258,290,303,300,302,258,72,251,+49,1,140

P,Oct-14,-,11000,-,389,408,-,-,-,0,344,N/A,217

P,Oct-14,-,11200,-,-,-,-,-,-,0,456,N/A,5

P,Oct-14,-,11400,-,-,-,-,-,-,0,586,N/A,1

P,Oct-14,-,11600,-,-,-,-,-,-,0,735,N/A,0

P,Oct-14,-,11800,-,-,-,-,-,-,0,893,N/A,0

P,Oct-14,-,12000,-,-,-,-,-,-,0,1,065,N/A,0

P,Oct-14,-,12200,-,-,-,-,-,-,0,1,246,N/A,0

P,Oct-14,-,12400,-,-,-,-,-,-,0,1,431,N/A,0

P,Oct-14,-,12600,-,-,-,-,-,-,0,1,620,N/A,0

P,Oct-14,-,12800,-,-,-,-,-,-,0,1,813,N/A,0

P,Oct-14,-,13000,-,-,-,-,-,-,0,2,008,N/A,0

P,Oct-14,-,13200,-,-,-,-,-,-,0,2,205,N/A,0

P,Oct-14,-,13400,-,-,-,-,-,-,0,2,403,N/A,0

P,Oct-14,-,13600,-,-,-,-,-,-,0,2,601,N/A,0

P,Oct-14,-,13800,-,-,-,-,-,-,0,2,800,N/A,0

P,Oct-14,-,14000,-,-,-,-,-,-,0,3,000,N/A,0

P,Oct-14,-,14200,-,-,-,-,-,-,0,3,200,N/A,0

P,Oct-14,-,14400,-,-,-,-,-,-,0,3,399,N/A,0

P,Dec-14,-,6000,-,1,4,-,-,-,0,1,N/A,817

P,Dec-14,-,6200,-,1,3,-,-,-,0,1,N/A,3

P,Dec-14,-,6400,-,1,4,-,-,-,0,1,N/A,22

P,Dec-14,-,6600,-,2,7,-,-,-,0,1,N/A,136

P,Dec-14,-,6800,4,3,4,4,4,4,5,1,+3,87

P,Dec-14,-,7000,4,3,5,5,5,4,90,1,+4,5,943

P,Dec-14,-,7200,-,4,9,-,-,-,0,1,N/A,19,681

P,Dec-14,-,7400,-,5,10,-,-,-,0,1,N/A,5,562

P,Dec-14,-,7500,-,5,12,-,-,-,0,1,N/A,1

P,Dec-14,-,7600,-,6,12,-,-,-,0,1,N/A,8,458

P,Dec-14,-,7700,-,7,-,-,-,-,0,1,N/A,33

P,Dec-14,-,7800,-,8,-,-,-,-,0,1,N/A,4,673

P,Dec-14,-,7900,-,9,-,-,-,-,0,1,N/A,51

P,Dec-14,-,8000,14,10,-,14,14,14,11,2,+12,16,316

P,Dec-14,-,8200,-,13,-,-,-,-,0,4,N/A,2,254

P,Dec-14,-,8400,-,17,25,-,-,-,0,6,N/A,16,993

P,Dec-14,-,8600,-,-,-,-,-,-,0,10,N/A,6,335

P,Dec-14,-,8800,-,-,39,-,-,-,0,15,N/A,20,588

P,Dec-14,-,9000,-,-,-,-,-,-,0,24,N/A,9,811

P,Dec-14,-,9200,-,-,-,-,-,-,0,36,N/A,28,218

P,Dec-14,-,9400,-,-,-,-,-,-,0,52,N/A,8,178

P,Dec-14,-,9600,98,-,-,94,98,94,4,75,+19,15,108

P,Dec-14,-,9800,-,-,-,-,-,-,0,101,N/A,4,403

P,Dec-14,-,10000,155,155,-,160,165,155,405,140,+20,23,914

P,Dec-14,-,10200,-,-,-,-,-,-,100,186,N/A,6,557

P,Dec-14,-,10400,-,-,-,-,-,-,102,240,N/A,12,062

P,Dec-14,-,10600,-,-,-,-,-,-,0,307,N/A,2,382

P,Dec-14,-,10800,-,-,-,-,-,-,0,388,N/A,6,451

P,Dec-14,-,11000,-,-,618,-,-,-,0,484,N/A,3,017

P,Dec-14,-,11200,-,-,-,-,-,-,0,593,N/A,5,951

P,Dec-14,-,11400,-,-,-,-,-,-,0,717,N/A,2

P,Dec-14,-,11600,-,-,-,-,-,-,0,853,N/A,2,285

P,Dec-14,-,11800,-,-,-,-,-,-,0,1,001,N/A,0

P,Dec-14,-,12000,-,-,-,-,-,-,0,1,160,N/A,3,275

P,Dec-14,-,12200,-,-,-,-,-,-,0,1,316,N/A,0

P,Dec-14,-,12400,-,-,-,-,-,-,0,1,487,N/A,0

P,Dec-14,-,12600,-,-,-,-,-,-,0,1,663,N/A,0

P,Dec-14,-,12800,-,-,-,-,-,-,0,1,844,N/A,0

P,Dec-14,-,13200,-,-,-,-,-,-,0,2,218,N/A,0

P,Dec-14,-,13400,-,-,-,-,-,-,0,2,409,N/A,0

P,Dec-14,-,13600,-,-,-,-,-,-,0,2,602,N/A,0

P,Dec-14,-,13800,-,-,-,-,-,-,0,2,797,N/A,2

P,Dec-14,-,14000,-,-,-,-,-,-,0,2,993,N/A,0

P,Dec-14,-,14400,-,-,-,-,-,-,0,3,388,N/A,705

P,Dec-14,-,15000,4,101,-,-,4,102,4,102,4,100,4,3,984,+118,49

P,Mar-15,-,7000,-,10,31,-,-,-,0,1,N/A,20

P,Mar-15,-,7100,-,12,32,-,-,-,0,2,N/A,20

P,Mar-15,-,7200,-,14,34,-,-,-,0,3,N/A,0

P,Mar-15,-,7300,-,15,36,-,-,-,0,4,N/A,0

P,Mar-15,-,7400,-,-,-,-,-,-,0,5,N/A,1

P,Mar-15,-,7500,-,-,-,-,-,-,0,6,N/A,0

P,Mar-15,-,7600,-,-,-,-,-,-,0,7,N/A,650

P,Mar-15,-,7700,-,-,-,-,-,-,0,9,N/A,0

P,Mar-15,-,7800,-,-,-,-,-,-,0,11,N/A,25

P,Mar-15,-,7900,-,-,-,-,-,-,0,13,N/A,26

P,Mar-15,-,8000,-,-,89,-,-,-,100,16,N/A,3,065

P,Mar-15,-,8200,-,-,-,-,-,-,0,23,N/A,0

P,Mar-15,-,8400,-,48,60,-,-,-,0,32,N/A,350

P,Mar-15,-,8600,-,-,-,-,-,-,0,44,N/A,3,700

P,Mar-15,-,8800,-,-,-,-,-,-,500,60,N/A,5,924

P,Mar-15,-,9000,-,-,-,-,-,-,0,80,N/A,9,275

P,Mar-15,-,9200,-,-,-,-,-,-,0,104,N/A,7,367

P,Mar-15,-,9400,-,-,-,-,-,-,0,134,N/A,1,900

P,Mar-15,-,9600,-,-,-,-,-,-,0,171,N/A,4,961

P,Mar-15,-,9800,-,-,-,-,-,-,0,214,N/A,700

P,Mar-15,-,10000,-,-,-,-,-,-,0,268,N/A,2,238

P,Mar-15,-,10200,-,-,-,-,-,-,0,325,N/A,1,427

P,Mar-15,-,10400,-,-,-,-,-,-,0,391,N/A,3,852

P,Mar-15,-,10600,-,-,-,-,-,-,350,468,N/A,1,194

P,Mar-15,-,10800,-,-,-,-,-,-,0,556,N/A,1,650

P,Mar-15,-,11000,-,-,-,-,-,-,300,652,N/A,1,406

P,Mar-15,-,11200,-,-,-,-,-,-,0,762,N/A,0

P,Mar-15,-,11400,-,-,-,-,-,-,0,880,N/A,0

P,Mar-15,-,11600,-,-,-,-,-,-,0,1,009,N/A,0

P,Mar-15,-,11800,-,-,-,-,-,-,0,1,148,N/A,0

P,Mar-15,-,12000,-,-,-,-,-,-,0,1,296,N/A,0

P,Mar-15,-,12200,-,-,-,-,-,-,0,1,440,N/A,0

P,Mar-15,-,12400,-,-,-,-,-,-,0,1,597,N/A,0

P,Mar-15,-,12600,-,-,-,-,-,-,0,1,761,N/A,0

P,Mar-15,-,13400,-,-,-,-,-,-,0,2,459,N/A,0

P,Jun-15,-,7000,-,-,-,-,-,-,0,12,N/A,2,157

P,Jun-15,-,7200,-,-,-,-,-,-,0,17,N/A,111

P,Jun-15,-,7400,-,-,-,-,-,-,0,24,N/A,16

P,Jun-15,-,7600,-,-,-,-,-,-,0,33,N/A,9,802

P,Jun-15,-,7700,-,-,-,-,-,-,0,38,N/A,0

P,Jun-15,-,7800,-,-,-,-,-,-,0,44,N/A,3,925

P,Jun-15,-,7900,-,-,-,-,-,-,0,51,N/A,0

P,Jun-15,-,8000,-,-,150,-,-,-,0,59,N/A,7,593

P,Jun-15,-,8200,-,-,-,-,-,-,0,77,N/A,0

P,Jun-15,-,8400,-,-,-,-,-,-,0,96,N/A,9,612

P,Jun-15,-,8600,-,-,-,-,-,-,0,122,N/A,200

P,Jun-15,-,8800,-,-,-,-,-,-,0,153,N/A,6,275

P,Jun-15,-,9000,-,-,-,-,-,-,0,190,N/A,5,000

P,Jun-15,-,9200,-,-,-,-,-,-,0,232,N/A,7,225

P,Jun-15,-,9400,-,-,-,-,-,-,0,281,N/A,239

P,Jun-15,-,9600,-,-,-,-,-,-,0,337,N/A,7,331

P,Jun-15,-,9800,-,-,-,-,-,-,0,400,N/A,2,150

P,Jun-15,-,10000,-,-,-,-,-,-,100,461,N/A,4,123

P,Jun-15,-,10200,-,-,-,-,-,-,0,534,N/A,0

P,Jun-15,-,10400,-,-,-,-,-,-,0,619,N/A,3,426

P,Jun-15,-,10600,-,-,-,-,-,-,0,711,N/A,864

P,Jun-15,-,10800,-,-,-,-,-,-,0,817,N/A,1,350

P,Jun-15,-,11000,-,800,-,-,-,-,0,926,N/A,2,381

P,Jun-15,-,11200,-,-,-,-,-,-,0,1,050,N/A,2,991

P,Jun-15,-,11400,-,-,-,-,-,-,0,1,177,N/A,0

P,Jun-15,-,11600,-,-,-,-,-,-,0,1,318,N/A,37

P,Jun-15,-,11800,-,-,-,-,-,-,0,1,458,N/A,0

P,Jun-15,-,12000,-,-,-,-,-,-,0,1,613,N/A,13

P,Jun-15,-,12200,-,-,-,-,-,-,0,1,761,N/A,0

P,Jun-15,-,12400,-,-,-,-,-,-,0,1,919,N/A,0

P,Jun-15,-,12600,-,-,-,-,-,-,0,2,082,N/A,0

P,Jun-15,-,12800,-,-,-,-,-,-,0,2,249,N/A,200

P,Jun-15,-,13000,-,-,-,-,-,-,0,2,420,N/A,0

P,Jun-15,-,13200,-,-,-,-,-,-,0,2,595,N/A,0

P,Jun-15,-,13400,-,-,-,-,-,-,0,2,774,N/A,0

P,Jun-15,-,13600,-,-,-,-,-,-,0,2,955,N/A,0

P,Jun-15,-,13800,-,-,-,-,-,-,0,3,139,N/A,0

P,Jun-15,-,14000,-,-,-,-,-,-,0,3,325,N/A,0

P,Jun-15,-,14400,-,-,-,-,-,-,0,3,703,N/A,0

P,Jun-15,-,15000,-,-,-,-,-,-,0,4,282,N/A,5

P,Dec-15,-,6200,-,-,-,-,-,-,0,18,N/A,9,625

P,Dec-15,-,7000,-,-,-,-,-,-,0,54,N/A,6,227

P,Dec-15,-,7200,-,-,-,-,-,-,0,68,N/A,7,456

P,Dec-15,-,7400,-,-,-,-,-,-,0,86,N/A,8,460

P,Dec-15,-,7600,-,-,-,-,-,-,0,106,N/A,10,325

P,Dec-15,-,7800,-,-,-,-,-,-,0,130,N/A,3,525

P,Dec-15,-,8000,-,-,-,-,-,-,0,163,N/A,25,634

P,Dec-15,-,8400,-,-,-,-,-,-,0,226,N/A,13,333

P,Dec-15,-,8800,-,-,-,-,-,-,400,314,N/A,9,829

P,Dec-15,-,9200,-,-,-,-,-,-,0,434,N/A,13,237

P,Dec-15,-,9600,-,-,592,-,-,-,0,559,N/A,9,703

P,Dec-15,-,10000,-,-,-,-,-,-,0,708,N/A,12,452

P,Dec-15,-,10400,-,-,-,-,-,-,200,887,N/A,5,707

P,Dec-15,-,10800,-,-,-,-,-,-,0,1,092,N/A,5,483

P,Dec-15,-,11200,-,-,-,-,-,-,0,1,332,N/A,5,600

P,Dec-15,-,11600,-,-,-,-,-,-,0,1,595,N/A,50

P,Dec-15,-,12000,-,-,-,-,-,-,0,1,880,N/A,317

P,Dec-15,-,12600,-,-,-,-,-,-,0,2,344,N/A,150

P,Dec-15,-,13200,-,-,-,-,-,-,0,2,841,N/A,0

P,Dec-15,-,13800,-,-,-,-,-,-,0,3,330,N/A,5

P,Dec-15,-,14400,-,-,-,-,-,-,0,3,866,N/A,0

P,Dec-15,-,15000,-,-,-,-,-,-,0,4,417,N/A,5

P,Jun-16,-,6000,-,-,-,-,-,-,0,37,N/A,1,600

P,Jun-16,-,6200,-,-,-,-,-,-,0,47,N/A,100

P,Jun-16,-,6400,-,-,-,-,-,-,0,60,N/A,0

P,Jun-16,-,6600,-,-,-,-,-,-,0,75,N/A,0

P,Jun-16,-,6800,-,-,-,-,-,-,0,93,N/A,0

P,Jun-16,-,7000,-,-,-,-,-,-,0,115,N/A,0

P,Jun-16,-,7200,-,-,-,-,-,-,0,139,N/A,1,600

P,Jun-16,-,7400,-,-,-,-,-,-,0,167,N/A,0

P,Jun-16,-,7600,-,-,-,-,-,-,0,199,N/A,2,100

P,Jun-16,-,7800,-,-,-,-,-,-,0,235,N/A,2,600

P,Jun-16,-,8000,-,-,-,-,-,-,0,275,N/A,6,950

P,Jun-16,-,8400,-,-,-,-,-,-,0,369,N/A,6,200

P,Jun-16,-,8800,-,-,-,-,-,-,0,482,N/A,1,750

P,Jun-16,-,9200,-,-,-,-,-,-,300,634,N/A,2,400

P,Jun-16,-,9600,-,-,-,-,-,-,0,792,N/A,2,250

P,Jun-16,-,10000,-,-,-,-,-,-,0,968,N/A,3,237

P,Jun-16,-,10400,-,-,-,-,-,-,0,1,168,N/A,3,050

P,Jun-16,-,10800,-,-,-,-,-,-,500,1,394,N/A,100

P,Jun-16,-,11200,-,-,-,-,-,-,0,1,644,N/A,0

P,Jun-16,-,11600,-,-,-,-,-,-,0,1,916,N/A,0

P,Jun-16,-,12000,-,-,-,-,-,-,0,2,207,N/A,0

P,Jun-16,-,12600,-,-,-,-,-,-,0,2,672,N/A,0

P,Jun-16,-,13200,-,-,-,-,-,-,0,3,166,N/A,0

P,Jun-16,-,13800,-,-,-,-,-,-,0,3,683,N/A,0

P,Dec-16,-,7400,-,-,-,-,-,-,0,251,N/A,2,000

P,Dec-16,-,7800,-,-,-,-,-,-,0,335,N/A,0

P,Dec-16,-,8000,-,-,-,-,-,-,0,383,N/A,1,600

P,Dec-16,-,8400,-,-,-,-,-,-,0,492,N/A,1,800

P,Dec-16,-,8800,-,-,-,-,-,-,0,619,N/A,525

P,Dec-16,-,9200,-,-,-,-,-,-,0,787,N/A,0

P,Dec-16,-,9600,-,-,-,-,-,-,0,954,N/A,700

P,Dec-16,-,10000,-,-,-,-,-,-,0,1,137,N/A,125

P,Dec-16,-,10400,-,-,-,-,-,-,0,1,344,N/A,1,400

P,Dec-16,-,10800,-,-,-,-,-,-,0,1,573,N/A,550

P,Dec-16,-,11200,-,-,-,-,-,-,0,1,824,N/A,925

P,Dec-16,-,11600,-,-,-,-,-,-,0,2,094,N/A,0

P,Dec-16,-,12000,-,-,-,-,-,-,0,2,382,N/A,0

P,Dec-16,-,12600,-,-,-,-,-,-,0,2,841,N/A,0

P,Dec-16,-,13200,-,-,-,-,-,-,0,3,326,N/A,0

P,Dec-16,-,13800,-,-,-,-,-,-,0,3,833,N/A,0
